{
    "astrodendro": {
        "1": 228.65281192400002
    },
    "v3": {
        "8": 36.15765579399999,
        "16": 20.99009489299999,
        "32": 18.276182377000055,
        "4": 51.99770662699996,
        "2": 102.38614683700001
    }
}
